-- phpMyAdmin SQL Dump
-- version 5.2.1
-- https://www.phpmyadmin.net/
--
-- Host: 127.0.0.1
-- Generation Time: Jan 18, 2024 at 09:14 AM
-- Server version: 10.4.28-MariaDB
-- PHP Version: 8.2.4

SET SQL_MODE = "NO_AUTO_VALUE_ON_ZERO";
START TRANSACTION;
SET time_zone = "+00:00";


/*!40101 SET @OLD_CHARACTER_SET_CLIENT=@@CHARACTER_SET_CLIENT */;
/*!40101 SET @OLD_CHARACTER_SET_RESULTS=@@CHARACTER_SET_RESULTS */;
/*!40101 SET @OLD_COLLATION_CONNECTION=@@COLLATION_CONNECTION */;
/*!40101 SET NAMES utf8mb4 */;

--
-- Database: `pets`
--

-- --------------------------------------------------------

--
-- Table structure for table `pets`
--

CREATE TABLE `pets` (
  `ID` int(10) UNSIGNED NOT NULL,
  `species_ID` int(10) UNSIGNED NOT NULL,
  `name` varchar(255) NOT NULL,
  `foto` varchar(255) DEFAULT NULL,
  `email` varchar(255) NOT NULL,
  `created_at` date NOT NULL DEFAULT current_timestamp()
) ENGINE=InnoDB DEFAULT CHARSET=utf8mb4 COLLATE=utf8mb4_general_ci;

--
-- Dumping data for table `pets`
--

INSERT INTO `pets` (`ID`, `species_ID`, `name`, `foto`, `email`, `created_at`) VALUES
(1, 1, 'Reksas', 'b1e646_1.jpg', 'ReksaLabaiMyliu@gmail.com', '2023-12-18'),
(2, 2, 'Maksas', '1ab6e6_2.jpg', 'Asmyliukatinukus@gmail.com', '2023-12-18'),
(3, 2, 'Kačiuks', '4a419b_108.jpg', 'jozukibafy@mailinator.com', '2024-01-14'),
(4, 3, 'Roma', '3a6db9_4.jpg', 'myxahoq@mailinator.com', '2024-01-14'),
(5, 4, 'Abrikosas', '83ed93_5.webp', 'jumifu@mailinator.com', '2024-01-14'),
(6, 5, 'Slunkius', '3a1d55_6.jpg', 'cixomur@mailinator.com', '2024-01-14');

-- --------------------------------------------------------

--
-- Table structure for table `species`
--

CREATE TABLE `species` (
  `ID` int(10) UNSIGNED NOT NULL,
  `Name` varchar(255) NOT NULL
) ENGINE=InnoDB DEFAULT CHARSET=utf8mb4 COLLATE=utf8mb4_general_ci;

--
-- Dumping data for table `species`
--

INSERT INTO `species` (`ID`, `Name`) VALUES
(1, 'Šuo'),
(2, 'Katė'),
(3, 'papūga'),
(4, 'žiurkėnas'),
(5, 'vėžlys'),
(7, 'Voras'),
(8, 'Žuvytės');

-- --------------------------------------------------------

--
-- Table structure for table `votes`
--

CREATE TABLE `votes` (
  `ID` int(10) UNSIGNED NOT NULL,
  `pet1_ID` int(10) UNSIGNED NOT NULL,
  `pet2_ID` int(10) UNSIGNED NOT NULL,
  `result` int(11) NOT NULL,
  `created_at` timestamp NOT NULL DEFAULT current_timestamp()
) ENGINE=InnoDB DEFAULT CHARSET=utf8mb4 COLLATE=utf8mb4_general_ci;

--
-- Dumping data for table `votes`
--

INSERT INTO `votes` (`ID`, `pet1_ID`, `pet2_ID`, `result`, `created_at`) VALUES
(13, 6, 3, 6, '2024-01-15 12:54:16'),
(14, 6, 4, 4, '2024-01-15 12:54:17'),
(15, 2, 5, 2, '2024-01-15 12:55:23'),
(16, 3, 4, 3, '2024-01-15 12:56:33'),
(17, 4, 5, 5, '2024-01-15 12:59:59'),
(18, 4, 3, 4, '2024-01-15 13:00:00'),
(19, 1, 2, 2, '2024-01-15 13:00:01'),
(20, 4, 2, 4, '2024-01-15 13:00:01'),
(21, 3, 5, 5, '2024-01-15 13:00:02'),
(22, 6, 2, 6, '2024-01-15 13:05:41'),
(23, 6, 3, 3, '2024-01-15 13:05:43'),
(24, 3, 2, 3, '2024-01-15 13:07:14'),
(25, 2, 6, 2, '2024-01-15 13:14:39'),
(26, 1, 4, 1, '2024-01-15 13:25:30'),
(27, 4, 5, 5, '2024-01-15 13:30:36'),
(28, 2, 4, 2, '2024-01-15 13:30:37'),
(29, 6, 2, 2, '2024-01-15 13:30:37'),
(30, 5, 3, 5, '2024-01-15 13:30:38'),
(31, 4, 3, 4, '2024-01-15 13:53:12'),
(32, 2, 4, 4, '2024-01-15 13:53:12'),
(33, 5, 4, 4, '2024-01-15 13:53:13'),
(34, 4, 1, 4, '2024-01-15 13:53:14'),
(35, 5, 4, 4, '2024-01-15 13:53:14'),
(36, 2, 1, 2, '2024-01-15 13:53:15'),
(37, 4, 6, 4, '2024-01-15 13:53:16'),
(38, 1, 3, 3, '2024-01-15 13:53:17'),
(39, 4, 6, 4, '2024-01-15 13:53:18'),
(40, 4, 2, 4, '2024-01-15 13:53:18'),
(41, 2, 4, 4, '2024-01-15 13:53:19'),
(42, 4, 6, 4, '2024-01-15 13:53:20'),
(43, 1, 6, 1, '2024-01-15 13:53:20'),
(44, 2, 5, 2, '2024-01-15 13:53:21'),
(45, 2, 1, 1, '2024-01-15 13:53:22'),
(46, 1, 4, 4, '2024-01-15 13:53:23'),
(47, 1, 6, 1, '2024-01-15 13:53:23'),
(48, 3, 2, 3, '2024-01-15 13:53:24'),
(49, 1, 2, 1, '2024-01-15 13:53:25'),
(50, 2, 5, 2, '2024-01-15 13:53:26'),
(51, 6, 2, 6, '2024-01-15 13:53:27'),
(52, 5, 4, 4, '2024-01-15 13:53:28'),
(53, 5, 6, 6, '2024-01-15 13:53:30'),
(54, 4, 3, 4, '2024-01-15 13:53:31'),
(55, 6, 5, 6, '2024-01-15 13:53:32'),
(56, 5, 3, 5, '2024-01-15 13:53:34'),
(57, 1, 3, 1, '2024-01-15 13:53:35'),
(58, 4, 2, 4, '2024-01-15 13:53:36'),
(59, 4, 1, 1, '2024-01-15 14:30:43'),
(60, 3, 2, 3, '2024-01-15 14:41:37'),
(61, 6, 3, 6, '2024-01-15 14:42:00'),
(62, 2, 4, 4, '2024-01-15 14:43:27'),
(63, 6, 3, 6, '2024-01-15 14:43:45'),
(64, 3, 4, 4, '2024-01-15 14:44:06'),
(65, 6, 3, 6, '2024-01-15 14:46:28'),
(66, 4, 6, 4, '2024-01-15 14:49:19'),
(67, 5, 6, 5, '2024-01-15 14:55:44'),
(68, 2, 3, 2, '2024-01-15 14:55:57'),
(69, 3, 4, 4, '2024-01-15 14:56:05'),
(70, 5, 6, 5, '2024-01-15 15:02:54'),
(71, 4, 2, 2, '2024-01-15 15:02:55'),
(72, 6, 3, 6, '2024-01-15 15:03:04'),
(73, 1, 4, 4, '2024-01-15 15:03:05'),
(74, 2, 1, 2, '2024-01-15 15:03:28'),
(75, 5, 6, 6, '2024-01-15 15:04:25'),
(76, 4, 2, 4, '2024-01-15 15:04:25'),
(77, 3, 2, 3, '2024-01-15 15:05:45'),
(78, 1, 6, 6, '2024-01-15 15:05:47'),
(79, 3, 6, 3, '2024-01-15 17:42:13'),
(80, 3, 5, 5, '2024-01-15 17:42:52'),
(81, 4, 5, 4, '2024-01-15 17:42:53'),
(82, 3, 6, 6, '2024-01-15 17:42:54'),
(83, 3, 2, 2, '2024-01-15 17:56:00'),
(84, 6, 2, 6, '2024-01-15 17:56:00'),
(85, 3, 2, 2, '2024-01-15 17:57:44'),
(86, 5, 6, 5, '2024-01-15 17:57:44'),
(87, 2, 4, 4, '2024-01-15 17:58:04'),
(88, 6, 2, 6, '2024-01-15 17:58:19'),
(89, 5, 4, 5, '2024-01-15 17:58:40'),
(90, 3, 5, 5, '2024-01-15 17:59:13'),
(91, 5, 6, 6, '2024-01-15 17:59:51'),
(92, 4, 1, 4, '2024-01-15 18:04:26'),
(93, 4, 2, 2, '2024-01-15 18:04:27'),
(94, 4, 5, 5, '2024-01-15 18:07:43'),
(95, 1, 2, 1, '2024-01-15 18:08:29'),
(96, 2, 6, 6, '2024-01-15 18:08:30'),
(97, 2, 4, 2, '2024-01-15 18:09:29'),
(98, 3, 6, 6, '2024-01-15 18:11:21'),
(99, 4, 3, 4, '2024-01-15 18:12:58'),
(100, 6, 2, 2, '2024-01-15 18:13:07'),
(101, 3, 5, 3, '2024-01-15 18:13:37'),
(102, 1, 5, 5, '2024-01-15 18:16:42'),
(103, 5, 2, 2, '2024-01-15 18:17:38'),
(104, 1, 5, 1, '2024-01-15 18:17:38'),
(105, 1, 3, 3, '2024-01-15 18:19:07'),
(106, 2, 5, 2, '2024-01-15 18:19:08'),
(107, 2, 5, 5, '2024-01-15 18:19:41'),
(108, 6, 2, 2, '2024-01-15 18:20:51'),
(109, 5, 3, 5, '2024-01-15 18:28:37'),
(110, 1, 5, 5, '2024-01-15 18:29:23'),
(111, 6, 1, 1, '2024-01-15 18:31:57'),
(112, 5, 6, 6, '2024-01-15 18:32:01'),
(113, 4, 3, 4, '2024-01-15 18:35:07'),
(114, 6, 1, 1, '2024-01-15 18:39:03'),
(115, 5, 1, 1, '2024-01-15 18:46:55'),
(116, 6, 3, 6, '2024-01-15 18:46:56'),
(117, 4, 5, 5, '2024-01-16 07:25:49'),
(118, 2, 3, 2, '2024-01-16 07:26:09'),
(119, 5, 2, 5, '2024-01-16 07:27:49'),
(120, 6, 1, 6, '2024-01-16 07:29:02'),
(121, 1, 3, 3, '2024-01-16 07:30:18'),
(122, 4, 2, 2, '2024-01-16 07:57:56'),
(123, 2, 5, 2, '2024-01-16 07:58:00'),
(124, 4, 2, 4, '2024-01-16 07:58:02'),
(125, 4, 6, 6, '2024-01-16 07:58:04'),
(126, 5, 4, 5, '2024-01-16 07:58:48'),
(127, 5, 6, 6, '2024-01-16 07:58:49'),
(128, 5, 4, 5, '2024-01-16 07:58:50'),
(129, 5, 6, 5, '2024-01-16 07:58:52'),
(130, 6, 3, 3, '2024-01-16 07:59:16'),
(131, 1, 5, 5, '2024-01-16 08:02:14'),
(132, 1, 5, 1, '2024-01-16 08:02:19'),
(133, 2, 5, 5, '2024-01-16 08:02:20'),
(134, 1, 2, 2, '2024-01-16 08:02:36'),
(135, 4, 1, 1, '2024-01-16 08:03:14'),
(136, 5, 4, 5, '2024-01-16 08:03:17'),
(137, 6, 2, 2, '2024-01-16 08:03:24'),
(138, 4, 6, 4, '2024-01-16 08:03:25'),
(139, 3, 1, 3, '2024-01-16 08:04:27'),
(140, 6, 4, 4, '2024-01-16 08:04:31'),
(141, 4, 3, 4, '2024-01-16 08:04:33'),
(142, 2, 1, 2, '2024-01-16 08:04:34'),
(143, 3, 6, 3, '2024-01-16 08:04:36'),
(144, 5, 4, 5, '2024-01-16 08:04:37'),
(145, 1, 5, 5, '2024-01-16 08:05:27'),
(146, 6, 1, 6, '2024-01-16 08:05:28'),
(147, 2, 6, 2, '2024-01-16 08:06:34'),
(148, 6, 1, 1, '2024-01-16 08:06:36'),
(149, 1, 5, 1, '2024-01-16 08:06:41'),
(150, 1, 2, 2, '2024-01-16 08:06:42'),
(151, 1, 5, 1, '2024-01-16 08:06:44'),
(152, 5, 1, 5, '2024-01-16 08:06:45'),
(153, 5, 4, 5, '2024-01-16 08:07:49'),
(154, 4, 2, 4, '2024-01-16 08:07:51'),
(155, 1, 2, 1, '2024-01-16 08:07:59'),
(156, 1, 6, 6, '2024-01-16 08:08:01'),
(157, 6, 2, 2, '2024-01-16 08:08:20'),
(158, 1, 4, 4, '2024-01-16 08:09:29'),
(159, 3, 1, 1, '2024-01-16 08:10:53'),
(160, 6, 4, 6, '2024-01-16 08:10:54'),
(161, 5, 3, 5, '2024-01-16 08:11:34'),
(162, 5, 4, 4, '2024-01-16 08:11:36'),
(163, 4, 2, 4, '2024-01-16 08:15:26'),
(164, 2, 6, 6, '2024-01-16 08:15:28'),
(165, 2, 4, 2, '2024-01-16 08:18:27'),
(166, 6, 5, 5, '2024-01-16 08:18:28'),
(167, 1, 2, 1, '2024-01-16 08:18:30'),
(168, 6, 1, 6, '2024-01-16 08:18:32'),
(169, 6, 1, 1, '2024-01-16 08:19:18'),
(170, 2, 4, 4, '2024-01-16 08:19:46'),
(171, 1, 3, 1, '2024-01-16 08:20:14'),
(172, 4, 6, 6, '2024-01-16 08:20:15'),
(173, 5, 2, 5, '2024-01-16 08:20:17'),
(174, 6, 5, 5, '2024-01-16 08:20:24'),
(175, 4, 1, 1, '2024-01-16 08:25:22'),
(176, 1, 3, 3, '2024-01-16 08:26:16'),
(177, 6, 5, 5, '2024-01-16 08:27:08'),
(178, 5, 4, 4, '2024-01-16 08:27:10'),
(179, 3, 6, 6, '2024-01-16 08:27:12'),
(180, 4, 3, 3, '2024-01-16 08:27:54'),
(181, 2, 6, 2, '2024-01-16 08:27:56'),
(182, 1, 3, 1, '2024-01-16 08:27:57'),
(183, 3, 5, 5, '2024-01-16 08:28:01'),
(184, 6, 1, 1, '2024-01-16 08:28:03'),
(185, 3, 1, 3, '2024-01-16 08:28:05'),
(186, 2, 3, 2, '2024-01-16 08:31:29'),
(187, 5, 4, 5, '2024-01-16 08:31:47'),
(188, 3, 2, 2, '2024-01-16 08:33:03'),
(189, 2, 6, 6, '2024-01-16 08:33:45'),
(190, 3, 2, 2, '2024-01-16 08:34:08'),
(191, 2, 5, 5, '2024-01-16 08:36:10'),
(192, 5, 4, 4, '2024-01-16 08:36:19'),
(193, 6, 5, 6, '2024-01-16 08:36:24'),
(194, 1, 4, 4, '2024-01-16 08:36:35'),
(195, 2, 1, 1, '2024-01-16 08:39:50'),
(196, 5, 1, 1, '2024-01-16 08:41:13'),
(197, 2, 4, 4, '2024-01-16 08:41:24'),
(198, 1, 3, 1, '2024-01-16 08:43:40'),
(199, 5, 3, 3, '2024-01-16 08:44:30'),
(200, 2, 4, 2, '2024-01-16 08:44:53'),
(201, 2, 1, 1, '2024-01-16 08:45:00'),
(202, 3, 6, 3, '2024-01-16 08:45:01'),
(203, 2, 4, 4, '2024-01-16 08:45:03'),
(204, 6, 1, 6, '2024-01-16 08:45:04'),
(205, 3, 4, 3, '2024-01-16 08:45:36'),
(206, 3, 2, 2, '2024-01-16 08:45:40'),
(207, 5, 6, 5, '2024-01-16 08:45:42'),
(208, 2, 5, 2, '2024-01-16 08:47:17'),
(209, 1, 2, 1, '2024-01-16 08:47:25'),
(210, 2, 6, 6, '2024-01-16 08:48:13'),
(211, 6, 5, 5, '2024-01-16 08:49:15'),
(212, 2, 3, 2, '2024-01-16 08:49:54'),
(213, 1, 6, 6, '2024-01-16 09:01:26'),
(214, 3, 6, 6, '2024-01-16 09:23:57'),
(215, 3, 1, 3, '2024-01-16 09:30:06'),
(216, 3, 1, 1, '2024-01-16 09:30:09'),
(217, 3, 4, 3, '2024-01-16 09:30:11'),
(218, 4, 2, 2, '2024-01-16 09:30:12'),
(219, 5, 2, 5, '2024-01-16 09:30:38'),
(220, 5, 2, 2, '2024-01-16 09:30:40'),
(221, 5, 2, 5, '2024-01-16 09:31:04'),
(222, 3, 6, 3, '2024-01-16 09:31:20'),
(223, 2, 3, 3, '2024-01-16 09:31:46'),
(224, 6, 1, 1, '2024-01-16 09:31:52'),
(225, 4, 6, 4, '2024-01-16 09:38:07'),
(226, 4, 6, 6, '2024-01-16 09:46:47'),
(227, 3, 6, 3, '2024-01-16 09:46:58'),
(228, 3, 4, 4, '2024-01-16 09:55:01'),
(229, 5, 2, 5, '2024-01-16 09:55:05'),
(230, 2, 3, 3, '2024-01-16 09:55:14'),
(231, 1, 3, 1, '2024-01-16 10:21:23'),
(232, 2, 4, 2, '2024-01-16 12:34:42'),
(233, 6, 4, 6, '2024-01-16 12:35:31'),
(234, 2, 6, 2, '2024-01-16 14:38:07'),
(235, 5, 3, 3, '2024-01-16 14:38:40'),
(236, 3, 2, 3, '2024-01-16 17:18:42'),
(237, 3, 4, 3, '2024-01-18 07:48:29'),
(238, 4, 3, 4, '2024-01-18 07:48:33'),
(239, 3, 4, 3, '2024-01-18 07:48:34'),
(240, 4, 2, 2, '2024-01-18 07:48:36'),
(241, 6, 3, 6, '2024-01-18 07:48:38');

--
-- Indexes for dumped tables
--

--
-- Indexes for table `pets`
--
ALTER TABLE `pets`
  ADD PRIMARY KEY (`ID`),
  ADD KEY `species_ID` (`species_ID`);

--
-- Indexes for table `species`
--
ALTER TABLE `species`
  ADD PRIMARY KEY (`ID`);

--
-- Indexes for table `votes`
--
ALTER TABLE `votes`
  ADD PRIMARY KEY (`ID`),
  ADD KEY `pet1_ID` (`pet1_ID`),
  ADD KEY `pet2_ID` (`pet2_ID`);

--
-- AUTO_INCREMENT for dumped tables
--

--
-- AUTO_INCREMENT for table `pets`
--
ALTER TABLE `pets`
  MODIFY `ID` int(10) UNSIGNED NOT NULL AUTO_INCREMENT, AUTO_INCREMENT=13;

--
-- AUTO_INCREMENT for table `species`
--
ALTER TABLE `species`
  MODIFY `ID` int(10) UNSIGNED NOT NULL AUTO_INCREMENT, AUTO_INCREMENT=11;

--
-- AUTO_INCREMENT for table `votes`
--
ALTER TABLE `votes`
  MODIFY `ID` int(10) UNSIGNED NOT NULL AUTO_INCREMENT, AUTO_INCREMENT=242;

--
-- Constraints for dumped tables
--

--
-- Constraints for table `pets`
--
ALTER TABLE `pets`
  ADD CONSTRAINT `pets_ibfk_1` FOREIGN KEY (`species_ID`) REFERENCES `species` (`ID`);

--
-- Constraints for table `votes`
--
ALTER TABLE `votes`
  ADD CONSTRAINT `votes_ibfk_1` FOREIGN KEY (`pet1_ID`) REFERENCES `pets` (`ID`) ON DELETE CASCADE,
  ADD CONSTRAINT `votes_ibfk_2` FOREIGN KEY (`pet2_ID`) REFERENCES `pets` (`ID`) ON DELETE CASCADE;
COMMIT;

/*!40101 SET CHARACTER_SET_CLIENT=@OLD_CHARACTER_SET_CLIENT */;
/*!40101 SET CHARACTER_SET_RESULTS=@OLD_CHARACTER_SET_RESULTS */;
/*!40101 SET COLLATION_CONNECTION=@OLD_COLLATION_CONNECTION */;
